convert Aliasing.pdf Aliasing.png
convert Aliasing1.pdf Aliasing1.png
convert Aliasing2.pdf Aliasing2.png
convert AnimalColor.pdf AnimalColor.png
convert CBL.pdf CBL.png
convert CBR.pdf CBR.png
convert CCO.pdf CCO.png
convert CDE.pdf CDE.png
convert CDL.pdf CDL.png
convert CDR.pdf CDR.png
convert CIN.pdf CIN.png
convert circslice.pdf circslice.png
convert CMA.pdf CMA.png
convert CMI.pdf CMI.png
convert CompositionDigraph.pdf CompositionDigraph.png
convert CSD.pdf CSD.png
convert CSU.pdf CSU.png
convert CTL.pdf CTL.png
convert CTR.pdf CTR.png
convert CUL.pdf CUL.png
convert CUR.pdf CUR.png
convert Discontinuous.pdf Discontinuous.png
convert FuncSynth.pdf FuncSynth.png
convert GeneralFct.pdf GeneralFct.png
convert GeometricSegment.pdf GeometricSegment.png
convert GraphIsoClasses.pdf GraphIsoClasses.png
convert GrowthOrders.pdf GrowthOrders.png
convert Hasse3Set.pdf Hasse3Set.png
convert HasseV4.pdf HasseV4.png
convert IntermedThm.pdf IntermedThm.png
convert Kurdi2.pdf Kurdi2.png
convert Kurvendiskussion.pdf Kurvendiskussion.png
convert LimitCorral.pdf LimitCorral.png
convert MultiTangent.pdf MultiTangent.png
convert newtonmeth.pdf newtonmeth.png
convert OneToOneOnto.pdf OneToOneOnto.png
convert OntoPics.pdf OntoPics.png
convert RelDigraph.pdf RelDigraph.png
convert RelOneDigraph.pdf RelOneDigraph.png
convert RepPropsDigraph.pdf RepPropsDigraph.png
convert SecantSlope.pdf SecantSlope.png
convert SecantSlopes.pdf SecantSlopes.png
convert StrictlySmallerRel.pdf StrictlySmallerRel.png
convert TaylorExp.pdf TaylorExp.png
convert TaylorOneOverxP2.pdf TaylorOneOverxP2.png
convert TaylorOneOverxP2Plus.pdf TaylorOneOverxP2Plus.png
convert TaylorSin.pdf TaylorSin.png
convert threevertgraphs.pdf threevertgraphs.png
convert Undifferentiable.pdf Undifferentiable.png
convert VennDeMorganLaws.pdf VennDeMorganLaws.png
convert VennDiagram.pdf VennDiagram.png
convert VennDistributiveLaws.pdf VennDistributiveLaws.png
convert VennMulti.pdf VennMulti.png
